{"cameraMode":{"drawMode":0,"name":"Shaded","section":"Shading Mode"},"sceneLighting":true,"audioPlay":false,"sceneViewState":{"showFog":true,"showMaterialUpdate":true,"showSkybox":true,"showFlares":true,"showImageEffects":true,"showParticleSystems":true},"in2DMode":false,"pivot":{"x":92.70001220703125,"y":178.8000030517578,"z":-16.0},"rotation":{"x":-0.18425559997558595,"y":0.7999635338783264,"z":-0.30551040172576907,"w":-0.48246413469314577},"size":268.6005554199219,"orthographic":false}